[
    { 
        "height":"1090",
        "id":"662881",
        "image":"http://www.wookmark.com/images/original/662881_wookmark.jpg",
        "preview":"http://www.wookmark.com/images/thumbs/662881_wookmark.jpg",
        "referer":"https://www.inspirationde.com/image/75082/",
        "title":"Wicked November by Krzysztof Iwanski on Inspirationde",
        "url":"http://www.wookmark.com/image/662881/wicked-november-by-krzysztof-iwanski-on-inspirationde",
        "width":"770"
    },
    {
        "height":"514",
        "id":"654599",
        "image":"http://www.wookmark.com/images/original/662880_wookmark.jpg",
        "preview":"http://www.wookmark.com/images/thumbs/662880_wookmark.jpg",
        "referer":"http://nofilmschool.com/2017/06/hackintosh-101-beginners-guide-to-building-your-own-4k-editing-machine",
        "title":"Hackintosh 101: How to Build a 4K Editing Machine for Half the Purchase Price of a Mac",
        "url":"http://www.wookmark.com/image/654599/hackintosh-101-how-to-build-a-4k-editing-machine-for-half-the-purchase-price-of-a-mac",
        "width":"639"
    },{
        "height":"520",
        "id":"654599",
        "image":"http://www.wookmark.com/images/original/662863_wookmark.jpg",
        "preview":"http://www.wookmark.com/images/thumbs/662863_wookmark.jpg",
        "referer":"http://nofilmschool.com/2017/06/hackintosh-101-beginners-guide-to-building-your-own-4k-editing-machine",
        "title":"Hackintosh 101: How to Build a 4K Editing Machine for Half the Purchase Price of a Mac",
        "url":"http://www.wookmark.com/image/654599/hackintosh-101-how-to-build-a-4k-editing-machine-for-half-the-purchase-price-of-a-mac",
        "width":"520"
    },{
        "height":"600",
        "id":"654599",
        "image":"http://www.wookmark.com/images/original/662862_wookmark.jpg",
        "preview":"http://www.wookmark.com/images/thumbs/662862_wookmark.jpg",
        "referer":"http://nofilmschool.com/2017/06/hackintosh-101-beginners-guide-to-building-your-own-4k-editing-machine",
        "title":"Hackintosh 101: How to Build a 4K Editing Machine for Half the Purchase Price of a Mac",
        "url":"http://www.wookmark.com/image/654599/hackintosh-101-how-to-build-a-4k-editing-machine-for-half-the-purchase-price-of-a-mac",
        "width":"400"
    },{
        "height":"520",
        "id":"654599",
        "image":"http://www.wookmark.com/images/original/662861_wookmark.jpg",
        "preview":"http://www.wookmark.com/images/thumbs/662861_wookmark.jpg",
        "referer":"http://nofilmschool.com/2017/06/hackintosh-101-beginners-guide-to-building-your-own-4k-editing-machine",
        "title":"Hackintosh 101: How to Build a 4K Editing Machine for Half the Purchase Price of a Mac",
        "url":"http://www.wookmark.com/image/654599/hackintosh-101-how-to-build-a-4k-editing-machine-for-half-the-purchase-price-of-a-mac",
        "width":"520"
    },{
        "height":"1350",
        "id":"654599",
        "image":"http://www.wookmark.com/images/original/662860_wookmark.jpg",
        "preview":"http://www.wookmark.com/images/thumbs/662860_wookmark.jpg",
        "referer":"http://nofilmschool.com/2017/06/hackintosh-101-beginners-guide-to-building-your-own-4k-editing-machine",
        "title":"Hackintosh 101: How to Build a 4K Editing Machine for Half the Purchase Price of a Mac",
        "url":"http://www.wookmark.com/image/654599/hackintosh-101-how-to-build-a-4k-editing-machine-for-half-the-purchase-price-of-a-mac",
        "width":"1080"
    },{
        "height":"1203",
        "id":"654599",
        "image":"http://www.wookmark.com/images/original/662859_wookmark.jpg",
        "preview":"http://www.wookmark.com/images/thumbs/662859_wookmark.jpg",
        "referer":"http://nofilmschool.com/2017/06/hackintosh-101-beginners-guide-to-building-your-own-4k-editing-machine",
        "title":"Hackintosh 101: How to Build a 4K Editing Machine for Half the Purchase Price of a Mac",
        "url":"http://www.wookmark.com/image/654599/hackintosh-101-how-to-build-a-4k-editing-machine-for-half-the-purchase-price-of-a-mac",
        "width":"800"
    },
    {
        "height":"1200",
        "id":"654599",
        "image":"http://www.wookmark.com/images/original/662858_wookmark.jpg",
        "preview":"http://www.wookmark.com/images/thumbs/662858_wookmark.jpg",
        "referer":"http://nofilmschool.com/2017/06/hackintosh-101-beginners-guide-to-building-your-own-4k-editing-machine",
        "title":"Hackintosh 101: How to Build a 4K Editing Machine for Half the Purchase Price of a Mac",
        "url":"http://www.wookmark.com/image/654599/hackintosh-101-how-to-build-a-4k-editing-machine-for-half-the-purchase-price-of-a-mac",
        "width":"800"
    },{
        "height":"1200",
        "id":"654599",
        "image":"http://www.wookmark.com/images/original/662858_wookmark.jpg",
        "preview":"http://www.wookmark.com/images/thumbs/662858_wookmark.jpg",
        "referer":"http://nofilmschool.com/2017/06/hackintosh-101-beginners-guide-to-building-your-own-4k-editing-machine",
        "title":"Hackintosh 101: How to Build a 4K Editing Machine for Half the Purchase Price of a Mac",
        "url":"http://www.wookmark.com/image/654599/hackintosh-101-how-to-build-a-4k-editing-machine-for-half-the-purchase-price-of-a-mac",
        "width":"800"
    },{
        "height":"320",
        "id":"654599",
        "image":"http://www.wookmark.com/images/original/662857_wookmark.jpg",
        "preview":"http://www.wookmark.com/images/thumbs/662857_wookmark.jpg",
        "referer":"http://nofilmschool.com/2017/06/hackintosh-101-beginners-guide-to-building-your-own-4k-editing-machine",
        "title":"Hackintosh 101: How to Build a 4K Editing Machine for Half the Purchase Price of a Mac",
        "url":"http://www.wookmark.com/image/654599/hackintosh-101-how-to-build-a-4k-editing-machine-for-half-the-purchase-price-of-a-mac",
        "width":"600"
    },{
        "height":"1089",
        "id":"654599",
        "image":"http://www.wookmark.com/images/original/662875_wookmark.png",
        "preview":"http://www.wookmark.com/images/thumbs/662875_wookmark.png",
        "referer":"http://nofilmschool.com/2017/06/hackintosh-101-beginners-guide-to-building-your-own-4k-editing-machine",
        "title":"Hackintosh 101: How to Build a 4K Editing Machine for Half the Purchase Price of a Mac",
        "url":"http://www.wookmark.com/image/654599/hackintosh-101-how-to-build-a-4k-editing-machine-for-half-the-purchase-price-of-a-mac",
        "width":"770"
    },{
        "height":"512",
        "id":"654599",
        "image":"http://www.wookmark.com/images/original/662756_wookmark.jpg",
        "preview":"http://www.wookmark.com/images/thumbs/662756_wookmark.png",
        "referer":"http://nofilmschool.com/2017/06/hackintosh-101-beginners-guide-to-building-your-own-4k-editing-machine",
        "title":"Hackintosh 101: How to Build a 4K Editing Machine for Half the Purchase Price of a Mac",
        "url":"http://www.wookmark.com/image/654599/hackintosh-101-how-to-build-a-4k-editing-machine-for-half-the-purchase-price-of-a-mac",
        "width":"770"
    },{
        "height":"910",
        "id":"654599",
        "image":"http://www.wookmark.com/images/original/662856_wookmark.jpg",
        "preview":"http://www.wookmark.com/images/thumbs/662856_wookmark.jpg",
        "referer":"http://nofilmschool.com/2017/06/hackintosh-101-beginners-guide-to-building-your-own-4k-editing-machine",
        "title":"Hackintosh 101: How to Build a 4K Editing Machine for Half the Purchase Price of a Mac",
        "url":"http://www.wookmark.com/image/654599/hackintosh-101-how-to-build-a-4k-editing-machine-for-half-the-purchase-price-of-a-mac",
        "width":"640"
    },
    {
        "height":"593",
        "id":"654599",
        "image":"http://www.wookmark.com/images/original/662855_wookmark.jpg",
        "preview":"http://www.wookmark.com/images/thumbs/662855_wookmark.jpg",
        "referer":"http://nofilmschool.com/2017/06/hackintosh-101-beginners-guide-to-building-your-own-4k-editing-machine",
        "title":"Hackintosh 101: How to Build a 4K Editing Machine for Half the Purchase Price of a Mac",
        "url":"http://www.wookmark.com/image/654599/hackintosh-101-how-to-build-a-4k-editing-machine-for-half-the-purchase-price-of-a-mac",
        "width":"395"
    },{
        "height":"593",
        "id":"654599",
        "image":"http://www.wookmark.com/images/original/662854_wookmark.jpg",
        "preview":"http://www.wookmark.com/images/thumbs/662854_wookmark.jpg",
        "referer":"http://nofilmschool.com/2017/06/hackintosh-101-beginners-guide-to-building-your-own-4k-editing-machine",
        "title":"Hackintosh 101: How to Build a 4K Editing Machine for Half the Purchase Price of a Mac",
        "url":"http://www.wookmark.com/image/654599/hackintosh-101-how-to-build-a-4k-editing-machine-for-half-the-purchase-price-of-a-mac",
        "width":"395"
    },{
        "height":"1532",
        "id":"654599",
        "image":"http://www.wookmark.com/images/original/662853_wookmark.jpg",
        "preview":"http://www.wookmark.com/images/thumbs/662853_wookmark.jpg",
        "referer":"http://nofilmschool.com/2017/06/hackintosh-101-beginners-guide-to-building-your-own-4k-editing-machine",
        "title":"Hackintosh 101: How to Build a 4K Editing Machine for Half the Purchase Price of a Mac",
        "url":"http://www.wookmark.com/image/654599/hackintosh-101-how-to-build-a-4k-editing-machine-for-half-the-purchase-price-of-a-mac",
        "width":"1180"
    },{
        "height":"600",
        "id":"654599",
        "image":"http://www.wookmark.com/images/original/662852_wookmark.gif",
        "preview":"http://www.wookmark.com/images/thumbs/662852_wookmark.gif",
        "referer":"http://nofilmschool.com/2017/06/hackintosh-101-beginners-guide-to-building-your-own-4k-editing-machine",
        "title":"Hackintosh 101: How to Build a 4K Editing Machine for Half the Purchase Price of a Mac",
        "url":"http://www.wookmark.com/image/654599/hackintosh-101-how-to-build-a-4k-editing-machine-for-half-the-purchase-price-of-a-mac",
        "width":"800"
    },{
        "height":"520",
        "id":"654599",
        "image":"http://www.wookmark.com/images/original/662864_wookmark.jpg",
        "preview":"http://www.wookmark.com/images/thumbs/662864_wookmark.jpg",
        "referer":"http://nofilmschool.com/2017/06/hackintosh-101-beginners-guide-to-building-your-own-4k-editing-machine",
        "title":"Hackintosh 101: How to Build a 4K Editing Machine for Half the Purchase Price of a Mac",
        "url":"http://www.wookmark.com/image/654599/hackintosh-101-how-to-build-a-4k-editing-machine-for-half-the-purchase-price-of-a-mac",
        "width":"520"
    },{
        "height":"520",
        "id":"654599",
        "image":"http://www.wookmark.com/images/original/662865_wookmark.jpg",
        "preview":"http://www.wookmark.com/images/thumbs/662865_wookmark.jpg",
        "referer":"http://nofilmschool.com/2017/06/hackintosh-101-beginners-guide-to-building-your-own-4k-editing-machine",
        "title":"Hackintosh 101: How to Build a 4K Editing Machine for Half the Purchase Price of a Mac",
        "url":"http://www.wookmark.com/image/654599/hackintosh-101-how-to-build-a-4k-editing-machine-for-half-the-purchase-price-of-a-mac",
        "width":"520"
    },
    {
        "height":"565",
        "id":"654599",
        "image":"http://www.wookmark.com/images/original/662879_wookmark.jpg",
        "preview":"http://www.wookmark.com/images/thumbs/662879_wookmark.jpg",
        "referer":"http://nofilmschool.com/2017/06/hackintosh-101-beginners-guide-to-building-your-own-4k-editing-machine",
        "title":"Hackintosh 101: How to Build a 4K Editing Machine for Half the Purchase Price of a Mac",
        "url":"http://www.wookmark.com/image/654599/hackintosh-101-how-to-build-a-4k-editing-machine-for-half-the-purchase-price-of-a-mac",
        "width":"567"
    },{
        "height":"764",
        "id":"654599",
        "image":"http://www.wookmark.com/images/original/662878_wookmark.jpg",
        "preview":"http://www.wookmark.com/images/original/662878_wookmark.jpg",
        "referer":"http://nofilmschool.com/2017/06/hackintosh-101-beginners-guide-to-building-your-own-4k-editing-machine",
        "title":"Hackintosh 101: How to Build a 4K Editing Machine for Half the Purchase Price of a Mac",
        "url":"http://www.wookmark.com/image/654599/hackintosh-101-how-to-build-a-4k-editing-machine-for-half-the-purchase-price-of-a-mac",
        "width":"540"
    },{
        "height":"901",
        "id":"654599",
        "image":"http://www.wookmark.com/images/original/662843_wookmark.jpg",
        "preview":"http://www.wookmark.com/images/thumbs/662843_wookmark.jpg",
        "referer":"http://nofilmschool.com/2017/06/hackintosh-101-beginners-guide-to-building-your-own-4k-editing-machine",
        "title":"Hackintosh 101: How to Build a 4K Editing Machine for Half the Purchase Price of a Mac",
        "url":"http://www.wookmark.com/image/654599/hackintosh-101-how-to-build-a-4k-editing-machine-for-half-the-purchase-price-of-a-mac",
        "width":"600"
    },{
        "height":"900",
        "id":"654599",
        "image":"http://www.wookmark.com/images/original/662876_wookmark.jpg",
        "preview":"http://www.wookmark.com/images/thumbs/662876_wookmark.jpg",
        "referer":"http://nofilmschool.com/2017/06/hackintosh-101-beginners-guide-to-building-your-own-4k-editing-machine",
        "title":"Hackintosh 101: How to Build a 4K Editing Machine for Half the Purchase Price of a Mac",
        "url":"http://www.wookmark.com/image/654599/hackintosh-101-how-to-build-a-4k-editing-machine-for-half-the-purchase-price-of-a-mac",
        "width":"600"
    },{
        "height":"1100",
        "id":"654599",
        "image":"http://www.wookmark.com/images/original/662873_wookmark.jpg",
        "preview":"http://www.wookmark.com/images/thumbs/662873_wookmark.jpg",
        "referer":"http://nofilmschool.com/2017/06/hackintosh-101-beginners-guide-to-building-your-own-4k-editing-machine",
        "title":"Hackintosh 101: How to Build a 4K Editing Machine for Half the Purchase Price of a Mac",
        "url":"http://www.wookmark.com/image/654599/hackintosh-101-how-to-build-a-4k-editing-machine-for-half-the-purchase-price-of-a-mac",
        "width":"770"
    },{
        "height":"1156",
        "id":"654599",
        "image":"http://www.wookmark.com/images/original/662872_wookmark.jpg",
        "preview":"http://www.wookmark.com/images/thumbs/662872_wookmark.jpg",
        "referer":"http://nofilmschool.com/2017/06/hackintosh-101-beginners-guide-to-building-your-own-4k-editing-machine",
        "title":"Hackintosh 101: How to Build a 4K Editing Machine for Half the Purchase Price of a Mac",
        "url":"http://www.wookmark.com/image/654599/hackintosh-101-how-to-build-a-4k-editing-machine-for-half-the-purchase-price-of-a-mac",
        "width":"770"
    },
    {
        "height":"520",
        "id":"654599",
        "image":"http://www.wookmark.com/images/original/662870_wookmark.jpg",
        "preview":"http://www.wookmark.com/images/thumbs/662870_wookmark.jpg",
        "referer":"http://nofilmschool.com/2017/06/hackintosh-101-beginners-guide-to-building-your-own-4k-editing-machine",
        "title":"Hackintosh 101: How to Build a 4K Editing Machine for Half the Purchase Price of a Mac",
        "url":"http://www.wookmark.com/image/654599/hackintosh-101-how-to-build-a-4k-editing-machine-for-half-the-purchase-price-of-a-mac",
        "width":"520"
    },{
        "height":"630",
        "id":"654599",
        "image":"http://www.wookmark.com/images/original/662846_wookmark.jpg",
        "preview":"http://www.wookmark.com/images/thumbs/662846_wookmark.jpg",
        "referer":"http://nofilmschool.com/2017/06/hackintosh-101-beginners-guide-to-building-your-own-4k-editing-machine",
        "title":"Hackintosh 101: How to Build a 4K Editing Machine for Half the Purchase Price of a Mac",
        "url":"http://www.wookmark.com/image/654599/hackintosh-101-how-to-build-a-4k-editing-machine-for-half-the-purchase-price-of-a-mac",
        "width":"1440"
    },{
        "height":"520",
        "id":"654599",
        "image":"http://www.wookmark.com/images/original/662866_wookmark.jpg",
        "preview":"http://www.wookmark.com/images/thumbs/662866_wookmark.jpg",
        "referer":"http://nofilmschool.com/2017/06/hackintosh-101-beginners-guide-to-building-your-own-4k-editing-machine",
        "title":"Hackintosh 101: How to Build a 4K Editing Machine for Half the Purchase Price of a Mac",
        "url":"http://www.wookmark.com/image/654599/hackintosh-101-how-to-build-a-4k-editing-machine-for-half-the-purchase-price-of-a-mac",
        "width":"520"
    },{
        "height":"755",
        "id":"654599",
        "image":"http://www.wookmark.com/images/original/662850_wookmark.jpg",
        "preview":"http://www.wookmark.com/images/thumbs/662850_wookmark.jpg",
        "referer":"http://nofilmschool.com/2017/06/hackintosh-101-beginners-guide-to-building-your-own-4k-editing-machine",
        "title":"Hackintosh 101: How to Build a 4K Editing Machine for Half the Purchase Price of a Mac",
        "url":"http://www.wookmark.com/image/654599/hackintosh-101-how-to-build-a-4k-editing-machine-for-half-the-purchase-price-of-a-mac",
        "width":"533"
    },{
        "height":"2103",
        "id":"654599",
        "image":"http://www.wookmark.com/images/original/662912_wookmark.jpg",
        "preview":"http://www.wookmark.com/images/thumbs/662912_wookmark.jpg",
        "referer":"http://nofilmschool.com/2017/06/hackintosh-101-beginners-guide-to-building-your-own-4k-editing-machine",
        "title":"Hackintosh 101: How to Build a 4K Editing Machine for Half the Purchase Price of a Mac",
        "url":"http://www.wookmark.com/image/654599/hackintosh-101-how-to-build-a-4k-editing-machine-for-half-the-purchase-price-of-a-mac",
        "width":"3000"
    }
    
]