[{
    "img": "image/0.png",
    "desc": "第1张小女孩图片",
    "height": 640,
    "width": 424
}, {
    "img": "image/1.jpg",
    "desc": "第2张小女孩图片",
    "height": 533,
    "width": 800
}, {
    "img": "image/2.jpg",
    "desc": "第3张小女孩图片",
    "height":  333,
    "width":500
},{
    "img": "image/3.jpg",
    "desc": "第4张小女孩图片",
    "height": 450,
    "width": 253

}, {
    "img": "image/4.jpg",
    "desc": "第5张小女孩图片",
    "height": 500,
    "width": 500
}, {
    "img": "image/5.jpg",
    "desc": "第6张小女孩图片",
    "height": 712,
    "width": 500 
    
},{
    "img": "image/6.jpg",
    "desc": "第7张小女孩图片",
    "height": 750,
    "width": 499
}, {
    "img": "image/7.jpg",
    "desc": "第8张小女孩图片",
    "height": 720,
    "width": 480
}, {
    "img": "image/8.jpg",
    "desc": "第9张小女孩图片",
    "height": 750,
    "width": 500
},{
    "img": "image/9.jpg",
    "desc": "第10张小女孩图片",
    "height": 500,
    "width": 500
}, {
    "img": "image/10.jpg",
    "desc": "第11张小女孩图片",
    "height": 432,
    "width": 288
}, {
    "img": "image/11.jpg",
    "desc": "第12张小女孩图片",
    "height": 650,
    "width": 447
},{
    "img": "image/12.jpg",
    "desc": "第13张小女孩图片",
    "height": 600,
    "width": 500
}, {
    "img": "image/13.jpg",
    "desc": "第14张小女孩图片",
    "height": 951,
    "width": 658
}, {
    "img": "image/14.jpg",
    "desc": "第15张小女孩图片",
    "height": 862,
    "width": 603
}, {
    "img": "image/15.jpg",
    "desc": "第16张小女孩图片",
    "height": 750,
    "width": 499
}]